{"cameraMode":{"drawMode":0,"name":"Shaded","section":"Shading Mode"},"sceneLighting":true,"audioPlay":false,"sceneViewState":{"showFog":true,"showMaterialUpdate":false,"showSkybox":true,"showFlares":true,"showImageEffects":true,"showParticleSystems":true,"showVisualEffectGraphs":true,"m_FxEnabled":true},"in2DMode":false,"pivot":{"x":-3.527708053588867,"y":9.211518287658692,"z":22.941011428833009},"rotation":{"x":-0.013073979876935482,"y":0.0032211390789598228,"z":0.026093581691384317,"w":1.0021342039108277},"size":13.366026878356934,"orthographic":false}